id,created_at,user_id,tag,player_name
1,2018-04-26 19:50:53,987538671288094720,Lionel,Lionel Messi
2,2018-04-26 19:41:10,2372357926,Messi,Lionel Messi
2,2018-04-26 19:41:10,2372357926,Lionel,Lionel Messi
3,2018-04-26 19:11:15,1101320424,Lionel,Lionel Messi
3,2018-04-26 19:11:15,1101320424,Messi,Lionel Messi
3,2018-04-26 19:11:15,1101320424,EuG,Lionel Messi
3,2018-04-26 19:11:15,1101320424,GOAT,Lionel Messi
3,2018-04-26 19:11:15,1101320424,FAZplus,Lionel Messi
4,2018-04-26 16:08:32,2306171660,BabeKasihTau,Lionel Messi
5,2018-04-26 15:52:07,717039627916484608,Lionel,Lionel Messi
5,2018-04-26 15:52:07,717039627916484608,Messi,Lionel Messi
5,2018-04-26 15:52:07,717039627916484608,vince,Lionel Messi
5,2018-04-26 15:52:07,717039627916484608,anche,Lionel Messi
6,2018-04-26 15:12:05,231726084,Lionel,Lionel Messi
6,2018-04-26 15:12:05,231726084,Messi,Lionel Messi
6,2018-04-26 15:12:05,231726084,vince,Lionel Messi
6,2018-04-26 15:12:05,231726084,anche,Lionel Messi
8,2018-04-26 13:17:07,717039627916484608,Lionel,Lionel Messi
8,2018-04-26 13:17:07,717039627916484608,Messi,Lionel Messi
8,2018-04-26 13:17:07,717039627916484608,registrare,Lionel Messi
8,2018-04-26 13:17:07,717039627916484608,marchio,Lionel Messi
9,2018-04-26 12:00:08,4097611282,trademark,Lionel Messi
9,2018-04-26 12:00:08,4097611282,fight,Lionel Messi
9,2018-04-26 12:00:08,4097611282,lionel,Lionel Messi
10,2018-04-26 09:26:24,290417646,LionelMessi,Lionel Messi
10,2018-04-26 09:26:24,290417646,Messi,Lionel Messi
10,2018-04-26 09:26:24,290417646,Lionel,Lionel Messi
10,2018-04-26 09:26:24,290417646,EU,Lionel Messi
10,2018-04-26 09:26:24,290417646,Trademark,Lionel Messi
10,2018-04-26 09:26:24,290417646,MESSI,Lionel Messi
10,2018-04-26 09:26:24,290417646,Massi,Lionel Messi
11,2018-04-26 08:26:29,847142958,Cristiano,Lionel Messi
11,2018-04-26 08:26:29,847142958,FIFA,Lionel Messi
11,2018-04-26 08:26:29,847142958,Lionel,Lionel Messi
12,2018-04-25 13:30:32,920239369549746177,PES,Lionel Messi
12,2018-04-25 13:30:32,920239369549746177,Wii,Lionel Messi
12,2018-04-25 13:30:32,920239369549746177,Fc,Lionel Messi
12,2018-04-25 13:30:32,920239369549746177,Barcelona,Lionel Messi
12,2018-04-25 13:30:32,920239369549746177,PES,Lionel Messi
12,2018-04-25 13:30:32,920239369549746177,Champions,Lionel Messi
12,2018-04-25 13:30:32,920239369549746177,League,Lionel Messi
12,2018-04-25 13:30:32,920239369549746177,Andres,Lionel Messi
13,2018-04-25 12:45:01,207333431,Foto,Lionel Messi
13,2018-04-25 12:45:01,207333431,polêmica,Lionel Messi
13,2018-04-25 12:45:01,207333431,sugere,Lionel Messi
13,2018-04-25 12:45:01,207333431,Lionel,Lionel Messi
13,2018-04-25 12:45:01,207333431,Messi,Lionel Messi
13,2018-04-25 12:45:01,207333431,seis,Lionel Messi
13,2018-04-25 12:45:01,207333431,dedos,Lionel Messi
13,2018-04-25 12:45:01,207333431,direito,Lionel Messi
13,2018-04-25 12:45:01,207333431,confira,Lionel Messi
14,2018-04-25 08:07:33,801715146590711808,PES,Lionel Messi
14,2018-04-25 08:07:33,801715146590711808,Wii,Lionel Messi
14,2018-04-25 08:07:33,801715146590711808,Fc,Lionel Messi
14,2018-04-25 08:07:33,801715146590711808,Barcelona,Lionel Messi
14,2018-04-25 08:07:33,801715146590711808,PES,Lionel Messi
14,2018-04-25 08:07:33,801715146590711808,Champions,Lionel Messi
14,2018-04-25 08:07:33,801715146590711808,League,Lionel Messi
14,2018-04-25 08:07:33,801715146590711808,Andres,Lionel Messi
15,2018-04-25 07:21:34,801715146590711808,Messi,Lionel Messi
15,2018-04-25 07:21:34,801715146590711808,Fcbarcelona,Lionel Messi
15,2018-04-25 07:21:34,801715146590711808,Estudiantes,Lionel Messi
15,2018-04-25 07:21:34,801715146590711808,BARCA,Lionel Messi
16,2018-04-25 03:20:11,801715146590711808,PES,Lionel Messi
16,2018-04-25 03:20:11,801715146590711808,Wii,Lionel Messi
16,2018-04-25 03:20:11,801715146590711808,Fc,Lionel Messi
16,2018-04-25 03:20:11,801715146590711808,Barcelona,Lionel Messi
16,2018-04-25 03:20:11,801715146590711808,PES,Lionel Messi
16,2018-04-25 03:20:11,801715146590711808,Champions,Lionel Messi
16,2018-04-25 03:20:11,801715146590711808,League,Lionel Messi
17,2018-04-25 00:01:41,920239369549746177,Goles,Lionel Messi
17,2018-04-25 00:01:41,920239369549746177,De,Lionel Messi
17,2018-04-25 00:01:41,920239369549746177,Messi,Lionel Messi
17,2018-04-25 00:01:41,920239369549746177,Desde,Lionel Messi
17,2018-04-25 00:01:41,920239369549746177,La,Lionel Messi
17,2018-04-25 00:01:41,920239369549746177,ESTADIO,Lionel Messi
17,2018-04-25 00:01:41,920239369549746177,FcBarcelona,Lionel Messi
17,2018-04-25 00:01:41,920239369549746177,Fcbarcelona,Lionel Messi
17,2018-04-25 00:01:41,920239369549746177,Grada,Lionel Messi
18,2018-04-24 22:23:53,169349887,traemelacopamessi,Lionel Messi
18,2018-04-24 22:23:53,169349887,messi,Lionel Messi
18,2018-04-24 22:23:53,169349887,mundial,Lionel Messi
18,2018-04-24 22:23:53,169349887,russia2018,Lionel Messi
18,2018-04-24 22:23:53,169349887,seleccion,Lionel Messi
18,2018-04-24 22:23:53,169349887,argentina,Lionel Messi
18,2018-04-24 22:23:53,169349887,lionel,Lionel Messi
18,2018-04-24 22:23:53,169349887,cup,Lionel Messi
19,2018-04-24 22:16:36,201404669,Diego,Lionel Messi
20,2018-04-24 20:49:55,842108295875821570,lionel,Lionel Messi
21,2018-04-24 20:13:27,1479754218,Lionel,Lionel Messi
22,2018-04-24 19:12:41,801715146590711808,Goles,Lionel Messi
22,2018-04-24 19:12:41,801715146590711808,De,Lionel Messi
22,2018-04-24 19:12:41,801715146590711808,Messi,Lionel Messi
22,2018-04-24 19:12:41,801715146590711808,Desde,Lionel Messi
22,2018-04-24 19:12:41,801715146590711808,La,Lionel Messi
22,2018-04-24 19:12:41,801715146590711808,ESTADIO,Lionel Messi
22,2018-04-24 19:12:41,801715146590711808,FcBarcelona,Lionel Messi
22,2018-04-24 19:12:41,801715146590711808,Fcbarcelona,Lionel Messi
22,2018-04-24 19:12:41,801715146590711808,Grada,Lionel Messi
23,2018-04-24 09:10:05,910795602476306432,Chofis,Lionel Messi
23,2018-04-24 09:10:05,910795602476306432,Lopez,Lionel Messi
23,2018-04-24 09:10:05,910795602476306432,Messi,Lionel Messi
23,2018-04-24 09:10:05,910795602476306432,Argentina,Lionel Messi
23,2018-04-24 09:10:05,910795602476306432,Barcelona,Lionel Messi
23,2018-04-24 09:10:05,910795602476306432,BayerM,Lionel Messi
23,2018-04-24 09:10:05,910795602476306432,Boateng,Lionel Messi
24,2018-04-24 07:55:01,42480559,Diego,Lionel Messi
24,2018-04-24 07:55:01,42480559,Lionel,Lionel Messi
24,2018-04-24 07:55:01,42480559,Barcelona,Lionel Messi
24,2018-04-24 07:55:01,42480559,Atletico,Lionel Messi
25,2018-04-24 07:05:38,801715146590711808,Chofis,Lionel Messi
25,2018-04-24 07:05:38,801715146590711808,Lopez,Lionel Messi
25,2018-04-24 07:05:38,801715146590711808,Messi,Lionel Messi
25,2018-04-24 07:05:38,801715146590711808,Argentina,Lionel Messi
25,2018-04-24 07:05:38,801715146590711808,Barcelona,Lionel Messi
25,2018-04-24 07:05:38,801715146590711808,BayerM,Lionel Messi
26,2018-04-23 22:36:21,970009541743169536,messi,Lionel Messi
26,2018-04-23 22:36:21,970009541743169536,lionel,Lionel Messi
26,2018-04-23 22:36:21,970009541743169536,LionelMessi,Lionel Messi
26,2018-04-23 22:36:21,970009541743169536,king,Lionel Messi
26,2018-04-23 22:36:21,970009541743169536,barcelona,Lionel Messi
26,2018-04-23 22:36:21,970009541743169536,argentina,Lionel Messi
26,2018-04-23 22:36:21,970009541743169536,football,Lionel Messi
26,2018-04-23 22:36:21,970009541743169536,soccer,Lionel Messi
26,2018-04-23 22:36:21,970009541743169536,worldcup,Lionel Messi
26,2018-04-23 22:36:21,970009541743169536,goal,Lionel Messi
26,2018-04-23 22:36:21,970009541743169536,golazo,Lionel Messi
26,2018-04-23 22:36:21,970009541743169536,laliga,Lionel Messi
28,2018-04-23 15:51:51,192922284,the,Lionel Messi
28,2018-04-23 15:51:51,192922284,Lionel,Lionel Messi
29,2018-04-23 11:28:45,972789054361124864,Banner,Lionel Messi
29,2018-04-23 11:28:45,972789054361124864,Design,Lionel Messi
29,2018-04-23 11:28:45,972789054361124864,branding,Lionel Messi
29,2018-04-23 11:28:45,972789054361124864,Corporate,Lionel Messi
29,2018-04-23 11:28:45,972789054361124864,Identity,Lionel Messi
30,2018-04-23 10:31:46,170895571,Lionel,Lionel Messi
30,2018-04-23 10:31:46,170895571,Messi,Lionel Messi
31,2018-04-23 01:10:19,2306171660,BabeKasihTau,Lionel Messi
31,2018-04-23 01:10:19,2306171660,ketidakegoisan,Lionel Messi
31,2018-04-23 01:10:19,2306171660,iniesta,Lionel Messi
32,2018-04-22 21:57:53,929778826141454336,Lionel,Lionel Messi
32,2018-04-22 21:57:53,929778826141454336,Heroes,Lionel Messi
33,2018-04-22 17:09:46,910795602476306432,Messi,Lionel Messi
33,2018-04-22 17:09:46,910795602476306432,Argentina,Lionel Messi
33,2018-04-22 17:09:46,910795602476306432,CA2016,Lionel Messi
34,2018-04-22 15:48:40,920239369549746177,Messi,Lionel Messi
34,2018-04-22 15:48:40,920239369549746177,Argentina,Lionel Messi
34,2018-04-22 15:48:40,920239369549746177,CA2016,Lionel Messi
35,2018-04-22 13:32:53,770751957245894656,Andres,Lionel Messi
35,2018-04-22 13:32:53,770751957245894656,Lionel,Lionel Messi
36,2018-04-22 12:59:29,202610992,Andres,Lionel Messi
36,2018-04-22 12:59:29,202610992,Lionel,Lionel Messi
37,2018-04-22 12:58:16,776417140907749376,Andres,Lionel Messi
37,2018-04-22 12:58:16,776417140907749376,Lionel,Lionel Messi
38,2018-04-22 12:57:02,801715146590711808,Messi,Lionel Messi
38,2018-04-22 12:57:02,801715146590711808,Argentina,Lionel Messi
38,2018-04-22 12:57:02,801715146590711808,CA2016,Lionel Messi
39,2018-04-22 02:25:58,776417140907749376,Andres,Lionel Messi
39,2018-04-22 02:25:58,776417140907749376,Lionel,Lionel Messi
40,2018-04-21 20:15:23,815451895691087874,BarcelonaSC,Lionel Messi
40,2018-04-21 20:15:23,815451895691087874,Barcelona,Lionel Messi
40,2018-04-21 20:15:23,815451895691087874,LionelMessi,Lionel Messi
40,2018-04-21 20:15:23,815451895691087874,messi,Lionel Messi
40,2018-04-21 20:15:23,815451895691087874,lionel,Lionel Messi
41,2018-04-21 20:06:41,815451895691087874,Barcelona,Lionel Messi
41,2018-04-21 20:06:41,815451895691087874,messi,Lionel Messi
41,2018-04-21 20:06:41,815451895691087874,lionelmessi,Lionel Messi
41,2018-04-21 20:06:41,815451895691087874,lionel,Lionel Messi
41,2018-04-21 20:06:41,815451895691087874,SevillaBarca,Lionel Messi
41,2018-04-21 20:06:41,815451895691087874,sevilla,Lionel Messi
42,2018-04-21 19:58:26,986464782063751168,CopaDelReyEnDIRECTV,Lionel Messi
42,2018-04-21 19:58:26,986464782063751168,Vamos,Lionel Messi
42,2018-04-21 19:58:26,986464782063751168,Lionel,Lionel Messi
42,2018-04-21 19:58:26,986464782063751168,Messi,Lionel Messi
43,2018-04-21 02:36:44,727532733661122562,Lionel,Lionel Messi
43,2018-04-21 02:36:44,727532733661122562,Messi,Lionel Messi
43,2018-04-21 02:36:44,727532733661122562,Flaunts,Lionel Messi
43,2018-04-21 02:36:44,727532733661122562,Tattoo,Lionel Messi
43,2018-04-21 02:36:44,727532733661122562,Inked,Lionel Messi
43,2018-04-21 02:36:44,727532733661122562,Close,Lionel Messi
43,2018-04-21 02:36:44,727532733661122562,Groin,Lionel Messi
44,2018-04-20 12:14:43,2306926245,Mundial,Lionel Messi
45,2018-04-20 12:09:41,532993897,copaBarca,Lionel Messi
45,2018-04-20 12:09:41,532993897,lionel,Lionel Messi
45,2018-04-20 12:09:41,532993897,gerrard,Lionel Messi
45,2018-04-20 12:09:41,532993897,sergio,Lionel Messi
45,2018-04-20 12:09:41,532993897,andres,Lionel Messi
46,2018-04-20 02:24:28,876796796768485377,FTPro,Lionel Messi
46,2018-04-20 02:24:28,876796796768485377,LaLigaSantander,Lionel Messi
46,2018-04-20 02:24:28,876796796768485377,messi,Lionel Messi
46,2018-04-20 02:24:28,876796796768485377,lionelmessi,Lionel Messi
46,2018-04-20 02:24:28,876796796768485377,lionel,Lionel Messi
46,2018-04-20 02:24:28,876796796768485377,messi10,Lionel Messi
47,2018-04-20 01:24:41,266355028,kickIt,Lionel Messi
47,2018-04-20 01:24:41,266355028,Lionel,Lionel Messi
47,2018-04-20 01:24:41,266355028,Messi,Lionel Messi
48,2018-04-19 07:31:43,918794412070596608,Fc,Lionel Messi
48,2018-04-19 07:31:43,918794412070596608,Barcelona,Lionel Messi
48,2018-04-19 07:31:43,918794412070596608,Abidal,Lionel Messi
48,2018-04-19 07:31:43,918794412070596608,Real,Lionel Messi
48,2018-04-19 07:31:43,918794412070596608,Madrid,Lionel Messi
48,2018-04-19 07:31:43,918794412070596608,Blaugrana,Lionel Messi
48,2018-04-19 07:31:43,918794412070596608,CF,Lionel Messi
48,2018-04-19 07:31:43,918794412070596608,Culé,Lionel Messi
48,2018-04-19 07:31:43,918794412070596608,Éric,Lionel Messi
48,2018-04-19 07:31:43,918794412070596608,Fifa,Lionel Messi
49,2018-04-19 06:40:49,42753139,Lionel,Lionel Messi
49,2018-04-19 06:40:49,42753139,Messi,Lionel Messi
49,2018-04-19 06:40:49,42753139,PaniniStickerAlbum,Lionel Messi
49,2018-04-19 06:40:49,42753139,Rusia2018,Lionel Messi
50,2018-04-19 02:39:18,801715146590711808,Fc,Lionel Messi
50,2018-04-19 02:39:18,801715146590711808,Barcelona,Lionel Messi
50,2018-04-19 02:39:18,801715146590711808,Abidal,Lionel Messi
50,2018-04-19 02:39:18,801715146590711808,Real,Lionel Messi
50,2018-04-19 02:39:18,801715146590711808,Madrid,Lionel Messi
50,2018-04-19 02:39:18,801715146590711808,Blaugrana,Lionel Messi
50,2018-04-19 02:39:18,801715146590711808,CF,Lionel Messi
50,2018-04-19 02:39:18,801715146590711808,Culé,Lionel Messi
50,2018-04-19 02:39:18,801715146590711808,Éric,Lionel Messi
50,2018-04-19 02:39:18,801715146590711808,Fifa,Lionel Messi
51,2018-04-18 21:24:31,826143410994114561,lionel,Lionel Messi
52,2018-04-18 21:24:28,842086557255385088,lionel,Lionel Messi
53,2018-04-18 15:25:42,1176651542,android,Lionel Messi
53,2018-04-18 15:25:42,1176651542,Lionel,Lionel Messi
53,2018-04-18 15:25:42,1176651542,Messi,Lionel Messi
54,2018-04-18 00:38:39,801715146590711808,Lionel,Lionel Messi
54,2018-04-18 00:38:39,801715146590711808,Messi,Lionel Messi
54,2018-04-18 00:38:39,801715146590711808,Free,Lionel Messi
54,2018-04-18 00:38:39,801715146590711808,Kicks,Lionel Messi
55,2018-04-17 17:50:07,834154403930238979,Lionel,Lionel Messi
56,2018-04-17 03:42:41,936567941121888258,Madrid,Lionel Messi
56,2018-04-17 03:42:41,936567941121888258,Vs,Lionel Messi
56,2018-04-17 03:42:41,936567941121888258,Barcelona,Lionel Messi
56,2018-04-17 03:42:41,936567941121888258,Messi,Lionel Messi
56,2018-04-17 03:42:41,936567941121888258,Vs,Lionel Messi
56,2018-04-17 03:42:41,936567941121888258,Griezmann,Lionel Messi
56,2018-04-17 03:42:41,936567941121888258,All,Lionel Messi
57,2018-04-16 23:13:03,801715146590711808,Madrid,Lionel Messi
57,2018-04-16 23:13:03,801715146590711808,Vs,Lionel Messi
57,2018-04-16 23:13:03,801715146590711808,Barcelona,Lionel Messi
57,2018-04-16 23:13:03,801715146590711808,Messi,Lionel Messi
57,2018-04-16 23:13:03,801715146590711808,Vs,Lionel Messi
57,2018-04-16 23:13:03,801715146590711808,Griezmann,Lionel Messi
57,2018-04-16 23:13:03,801715146590711808,All,Lionel Messi
58,2018-04-16 18:33:40,801715146590711808,Madrid,Lionel Messi
58,2018-04-16 18:33:40,801715146590711808,Vs,Lionel Messi
58,2018-04-16 18:33:40,801715146590711808,Barcelona,Lionel Messi
58,2018-04-16 18:33:40,801715146590711808,Messi,Lionel Messi
58,2018-04-16 18:33:40,801715146590711808,Vs,Lionel Messi
58,2018-04-16 18:33:40,801715146590711808,Griezmann,Lionel Messi
59,2018-04-16 14:06:54,912619284047818752,Lionel,Lionel Messi
59,2018-04-16 14:06:54,912619284047818752,Messi,Lionel Messi
59,2018-04-16 14:06:54,912619284047818752,Barcelona,Lionel Messi
60,2018-04-16 14:04:07,876796796768485377,FTPro,Lionel Messi
60,2018-04-16 14:04:07,876796796768485377,LaLigaSantander,Lionel Messi
60,2018-04-16 14:04:07,876796796768485377,messi,Lionel Messi
60,2018-04-16 14:04:07,876796796768485377,lionelmessi,Lionel Messi
60,2018-04-16 14:04:07,876796796768485377,lionel,Lionel Messi
60,2018-04-16 14:04:07,876796796768485377,messi10,Lionel Messi
61,2018-04-26 21:02:47,391421138,realmadrid,Cristiano Ronaldo
63,2018-04-26 18:59:02,989569276112769024,Neyma,Cristiano Ronaldo
63,2018-04-26 18:59:02,989569276112769024,Cristiano,Cristiano Ronaldo
64,2018-04-26 18:26:34,3242927754,CristianoRonaldo,Cristiano Ronaldo
64,2018-04-26 18:26:34,3242927754,Cristiano,Cristiano Ronaldo
64,2018-04-26 18:26:34,3242927754,CR7,Cristiano Ronaldo
64,2018-04-26 18:26:34,3242927754,Ronaldo,Cristiano Ronaldo
64,2018-04-26 18:26:34,3242927754,RealMadrid,Cristiano Ronaldo
64,2018-04-26 18:26:34,3242927754,BayernReal,Cristiano Ronaldo
65,2018-04-26 18:25:56,3242927754,ChampionsLeague,Cristiano Ronaldo
65,2018-04-26 18:25:56,3242927754,UCL,Cristiano Ronaldo
65,2018-04-26 18:25:56,3242927754,Cristiano,Cristiano Ronaldo
65,2018-04-26 18:25:56,3242927754,Ronaldo,Cristiano Ronaldo
65,2018-04-26 18:25:56,3242927754,Casillas,Cristiano Ronaldo
65,2018-04-26 18:25:56,3242927754,FootTheBall,Cristiano Ronaldo
66,2018-04-26 18:24:29,3242927754,Rashford,Cristiano Ronaldo
66,2018-04-26 18:24:29,3242927754,Cristiano,Cristiano Ronaldo
66,2018-04-26 18:24:29,3242927754,Ronaldo,Cristiano Ronaldo
66,2018-04-26 18:24:29,3242927754,ManUtd,Cristiano Ronaldo
66,2018-04-26 18:24:29,3242927754,RealMadrid,Cristiano Ronaldo
66,2018-04-26 18:24:29,3242927754,FootTheBall,Cristiano Ronaldo
67,2018-04-26 18:23:02,1288398986,ليفربول_روما,Cristiano Ronaldo
67,2018-04-26 18:23:02,1288398986,messi,Cristiano Ronaldo
67,2018-04-26 18:23:02,1288398986,salah,Cristiano Ronaldo
67,2018-04-26 18:23:02,1288398986,ronaldo,Cristiano Ronaldo
67,2018-04-26 18:23:02,1288398986,barca,Cristiano Ronaldo
67,2018-04-26 18:23:02,1288398986,cristiano,Cristiano Ronaldo
67,2018-04-26 18:23:02,1288398986,lfc,Cristiano Ronaldo
67,2018-04-26 18:23:02,1288398986,cfc,Cristiano Ronaldo
68,2018-04-26 18:09:23,954005970392240129,ليفربول_روما,Cristiano Ronaldo
68,2018-04-26 18:09:23,954005970392240129,messi,Cristiano Ronaldo
68,2018-04-26 18:09:23,954005970392240129,salah,Cristiano Ronaldo
68,2018-04-26 18:09:23,954005970392240129,ronaldo,Cristiano Ronaldo
68,2018-04-26 18:09:23,954005970392240129,barca,Cristiano Ronaldo
68,2018-04-26 18:09:23,954005970392240129,cristiano,Cristiano Ronaldo
68,2018-04-26 18:09:23,954005970392240129,lfc,Cristiano Ronaldo
68,2018-04-26 18:09:23,954005970392240129,cfc,Cristiano Ronaldo
69,2018-04-26 18:08:27,1288398986,ليفربول_روما,Cristiano Ronaldo
69,2018-04-26 18:08:27,1288398986,messi,Cristiano Ronaldo
69,2018-04-26 18:08:27,1288398986,salah,Cristiano Ronaldo
69,2018-04-26 18:08:27,1288398986,ronaldo,Cristiano Ronaldo
69,2018-04-26 18:08:27,1288398986,barca,Cristiano Ronaldo
70,2018-04-26 17:45:58,2399322038,ChampionsLeague,Cristiano Ronaldo
70,2018-04-26 17:45:58,2399322038,Cristiano,Cristiano Ronaldo
71,2018-04-26 17:41:20,562074849,ChampionsLeague,Cristiano Ronaldo
71,2018-04-26 17:41:20,562074849,Cristiano,Cristiano Ronaldo
72,2018-04-26 17:40:56,704594716474519552,CristianoRonaldo,Cristiano Ronaldo
72,2018-04-26 17:40:56,704594716474519552,Cristiano,Cristiano Ronaldo
72,2018-04-26 17:40:56,704594716474519552,CR7,Cristiano Ronaldo
72,2018-04-26 17:40:56,704594716474519552,Ronaldo,Cristiano Ronaldo
72,2018-04-26 17:40:56,704594716474519552,RealMadrid,Cristiano Ronaldo
72,2018-04-26 17:40:56,704594716474519552,BayernReal,Cristiano Ronaldo
73,2018-04-26 17:39:16,704594716474519552,ChampionsLeague,Cristiano Ronaldo
73,2018-04-26 17:39:16,704594716474519552,UCL,Cristiano Ronaldo
73,2018-04-26 17:39:16,704594716474519552,Cristiano,Cristiano Ronaldo
73,2018-04-26 17:39:16,704594716474519552,Ronaldo,Cristiano Ronaldo
73,2018-04-26 17:39:16,704594716474519552,Casillas,Cristiano Ronaldo
73,2018-04-26 17:39:16,704594716474519552,FootTheBall,Cristiano Ronaldo
74,2018-04-26 17:30:00,589238345,ChampionsLeague,Cristiano Ronaldo
74,2018-04-26 17:30:00,589238345,Cristiano,Cristiano Ronaldo
76,2018-04-26 16:53:53,971400290795651072,UEFAChampionsLeague,Cristiano Ronaldo
76,2018-04-26 16:53:53,971400290795651072,ChampionsLeague,Cristiano Ronaldo
76,2018-04-26 16:53:53,971400290795651072,UCL,Cristiano Ronaldo
77,2018-04-26 16:41:48,975786316901298176,goals,Cristiano Ronaldo
77,2018-04-26 16:41:48,975786316901298176,messi,Cristiano Ronaldo
77,2018-04-26 16:41:48,975786316901298176,realmadrid,Cristiano Ronaldo
77,2018-04-26 16:41:48,975786316901298176,fcbarcelona,Cristiano Ronaldo
77,2018-04-26 16:41:48,975786316901298176,lionelmessi,Cristiano Ronaldo
77,2018-04-26 16:41:48,975786316901298176,leomessi,Cristiano Ronaldo
77,2018-04-26 16:41:48,975786316901298176,leo,Cristiano Ronaldo
78,2018-04-26 16:40:43,957097694635294720,goals,Cristiano Ronaldo
78,2018-04-26 16:40:43,957097694635294720,messi,Cristiano Ronaldo
78,2018-04-26 16:40:43,957097694635294720,realmadrid,Cristiano Ronaldo
78,2018-04-26 16:40:43,957097694635294720,fcbarcelona,Cristiano Ronaldo
78,2018-04-26 16:40:43,957097694635294720,lionelmessi,Cristiano Ronaldo
78,2018-04-26 16:40:43,957097694635294720,leomessi,Cristiano Ronaldo
78,2018-04-26 16:40:43,957097694635294720,leo,Cristiano Ronaldo
80,2018-04-26 15:33:32,911369116023435267,Celebración,Cristiano Ronaldo
80,2018-04-26 15:33:32,911369116023435267,Tercer,Cristiano Ronaldo
80,2018-04-26 15:33:32,911369116023435267,Gol,Cristiano Ronaldo
80,2018-04-26 15:33:32,911369116023435267,Cristiano,Cristiano Ronaldo
80,2018-04-26 15:33:32,911369116023435267,Ronaldo,Cristiano Ronaldo
80,2018-04-26 15:33:32,911369116023435267,Madrid,Cristiano Ronaldo
84,2018-04-26 15:09:31,954005970392240129,messi,Cristiano Ronaldo
84,2018-04-26 15:09:31,954005970392240129,salah,Cristiano Ronaldo
84,2018-04-26 15:09:31,954005970392240129,ronaldo,Cristiano Ronaldo
84,2018-04-26 15:09:31,954005970392240129,barca,Cristiano Ronaldo
84,2018-04-26 15:09:31,954005970392240129,penalty,Cristiano Ronaldo
84,2018-04-26 15:09:31,954005970392240129,MessiReyBarça,Cristiano Ronaldo
84,2018-04-26 15:09:31,954005970392240129,messipenalty,Cristiano Ronaldo
84,2018-04-26 15:09:31,954005970392240129,cristiano,Cristiano Ronaldo
84,2018-04-26 15:09:31,954005970392240129,lfc,Cristiano Ronaldo
84,2018-04-26 15:09:31,954005970392240129,cfc,Cristiano Ronaldo
84,2018-04-26 15:09:31,954005970392240129,manutd,Cristiano Ronaldo
85,2018-04-26 14:44:56,1288398986,messi,Cristiano Ronaldo
85,2018-04-26 14:44:56,1288398986,salah,Cristiano Ronaldo
85,2018-04-26 14:44:56,1288398986,ronaldo,Cristiano Ronaldo
85,2018-04-26 14:44:56,1288398986,barca,Cristiano Ronaldo
85,2018-04-26 14:44:56,1288398986,penalty,Cristiano Ronaldo
85,2018-04-26 14:44:56,1288398986,MessiReyBarça,Cristiano Ronaldo
85,2018-04-26 14:44:56,1288398986,messipenalty,Cristiano Ronaldo
85,2018-04-26 14:44:56,1288398986,cristiano,Cristiano Ronaldo
85,2018-04-26 14:44:56,1288398986,lfc,Cristiano Ronaldo
86,2018-04-26 14:23:38,1288398986,messi,Cristiano Ronaldo
86,2018-04-26 14:23:38,1288398986,salah,Cristiano Ronaldo
86,2018-04-26 14:23:38,1288398986,ronaldo,Cristiano Ronaldo
86,2018-04-26 14:23:38,1288398986,barca,Cristiano Ronaldo
86,2018-04-26 14:23:38,1288398986,penalty,Cristiano Ronaldo
86,2018-04-26 14:23:38,1288398986,MessiReyBarça,Cristiano Ronaldo
86,2018-04-26 14:23:38,1288398986,messipenalty,Cristiano Ronaldo
87,2018-04-26 14:12:03,361117885,cr7,Cristiano Ronaldo
87,2018-04-26 14:12:03,361117885,cristiano,Cristiano Ronaldo
87,2018-04-26 14:12:03,361117885,ronaldo,Cristiano Ronaldo
87,2018-04-26 14:12:03,361117885,favouriteplayer,Cristiano Ronaldo
87,2018-04-26 14:12:03,361117885,hardwork,Cristiano Ronaldo
87,2018-04-26 14:12:03,361117885,dedication,Cristiano Ronaldo
87,2018-04-26 14:12:03,361117885,cristianoronaldo,Cristiano Ronaldo
88,2018-04-26 14:06:40,704594716474519552,CristianoRonaldo,Cristiano Ronaldo
88,2018-04-26 14:06:40,704594716474519552,Cristiano,Cristiano Ronaldo
88,2018-04-26 14:06:40,704594716474519552,CR7,Cristiano Ronaldo
88,2018-04-26 14:06:40,704594716474519552,Ronaldo,Cristiano Ronaldo
88,2018-04-26 14:06:40,704594716474519552,RealMadrid,Cristiano Ronaldo
89,2018-04-26 14:02:08,1486180152,Cristiano,Cristiano Ronaldo
93,2018-04-26 11:52:43,801715146590711808,Celebración,Cristiano Ronaldo
93,2018-04-26 11:52:43,801715146590711808,Tercer,Cristiano Ronaldo
93,2018-04-26 11:52:43,801715146590711808,Gol,Cristiano Ronaldo
93,2018-04-26 11:52:43,801715146590711808,Cristiano,Cristiano Ronaldo
93,2018-04-26 11:52:43,801715146590711808,Ronaldo,Cristiano Ronaldo
93,2018-04-26 11:52:43,801715146590711808,Madrid,Cristiano Ronaldo
94,2018-04-26 10:43:41,801715146590711808,Consejo,Cristiano Ronaldo
94,2018-04-26 10:43:41,801715146590711808,Keylor,Cristiano Ronaldo
94,2018-04-26 10:43:41,801715146590711808,Cristiano,Cristiano Ronaldo
94,2018-04-26 10:43:41,801715146590711808,Ronaldo,Cristiano Ronaldo
94,2018-04-26 10:43:41,801715146590711808,Gol,Cristiano Ronaldo
94,2018-04-26 10:43:41,801715146590711808,Champions,Cristiano Ronaldo
95,2018-04-26 10:19:37,986623875491516416,LigaMistrzów,Cristiano Ronaldo
95,2018-04-26 10:19:37,986623875491516416,Marketing,Cristiano Ronaldo
95,2018-04-26 10:19:37,986623875491516416,PiłkaNożna,Cristiano Ronaldo
95,2018-04-26 10:19:37,986623875491516416,sportowe,Cristiano Ronaldo
95,2018-04-26 10:19:37,986623875491516416,wiadomości,Cristiano Ronaldo
95,2018-04-26 10:19:37,986623875491516416,real,Cristiano Ronaldo
95,2018-04-26 10:19:37,986623875491516416,madryt,Cristiano Ronaldo
95,2018-04-26 10:19:37,986623875491516416,football,Cristiano Ronaldo
96,2018-04-26 08:26:29,847142958,Cristiano,Cristiano Ronaldo
96,2018-04-26 08:26:29,847142958,FIFA,Cristiano Ronaldo
96,2018-04-26 08:26:29,847142958,Lionel,Cristiano Ronaldo
97,2018-04-26 07:53:01,125282795,Cristiano,Cristiano Ronaldo
97,2018-04-26 07:53:01,125282795,Ronaldo,Cristiano Ronaldo
97,2018-04-26 07:53:01,125282795,finale,Cristiano Ronaldo
97,2018-04-26 07:53:01,125282795,Info,Cristiano Ronaldo
97,2018-04-26 07:53:01,125282795,Oggi,Cristiano Ronaldo
97,2018-04-26 07:53:01,125282795,InfoOggi,Cristiano Ronaldo
98,2018-04-26 07:39:55,704594716474519552,ChampionsLeague,Cristiano Ronaldo
98,2018-04-26 07:39:55,704594716474519552,UCL,Cristiano Ronaldo
98,2018-04-26 07:39:55,704594716474519552,Cristiano,Cristiano Ronaldo
98,2018-04-26 07:39:55,704594716474519552,Ronaldo,Cristiano Ronaldo
98,2018-04-26 07:39:55,704594716474519552,Casillas,Cristiano Ronaldo
98,2018-04-26 07:39:55,704594716474519552,FootTheBall,Cristiano Ronaldo
100,2018-04-26 05:51:45,801715146590711808,Consejo,Cristiano Ronaldo
100,2018-04-26 05:51:45,801715146590711808,Keylor,Cristiano Ronaldo
100,2018-04-26 05:51:45,801715146590711808,Cristiano,Cristiano Ronaldo
100,2018-04-26 05:51:45,801715146590711808,Ronaldo,Cristiano Ronaldo
100,2018-04-26 05:51:45,801715146590711808,Gol,Cristiano Ronaldo
100,2018-04-26 05:51:45,801715146590711808,Champions,Cristiano Ronaldo
101,2018-04-26 05:31:30,796584904112930817,ucl,Cristiano Ronaldo
101,2018-04-26 05:31:30,796584904112930817,Ronaldo,Cristiano Ronaldo
102,2018-04-26 04:30:00,192255804,EgyptianKing,Cristiano Ronaldo
102,2018-04-26 04:30:00,192255804,BallondOr,Cristiano Ronaldo
102,2018-04-26 04:30:00,192255804,Messi,Cristiano Ronaldo
102,2018-04-26 04:30:00,192255804,Cristiano,Cristiano Ronaldo
103,2018-04-26 04:18:58,592426269,MadridistaReal,Cristiano Ronaldo
103,2018-04-26 04:18:58,592426269,Cristiano,Cristiano Ronaldo
104,2018-04-26 04:16:44,64635651,CRISTIANO,Cristiano Ronaldo
105,2018-04-26 04:00:00,192255804,MadridistaReal,Cristiano Ronaldo
105,2018-04-26 04:00:00,192255804,Cristiano,Cristiano Ronaldo
106,2018-04-26 01:26:28,873688170067628032,CristianoRonaldo,Cristiano Ronaldo
107,2018-04-25 23:20:46,933486210395312129,BayernMunich,Cristiano Ronaldo
107,2018-04-25 23:20:46,933486210395312129,RealMadrid,Cristiano Ronaldo
107,2018-04-25 23:20:46,933486210395312129,Bayern,Cristiano Ronaldo
107,2018-04-25 23:20:46,933486210395312129,FCBRMA,Cristiano Ronaldo
107,2018-04-25 23:20:46,933486210395312129,RMAFCB,Cristiano Ronaldo
107,2018-04-25 23:20:46,933486210395312129,BayernReal,Cristiano Ronaldo
107,2018-04-25 23:20:46,933486210395312129,Bayernvsrealmadrid,Cristiano Ronaldo
107,2018-04-25 23:20:46,933486210395312129,BayernMadrid,Cristiano Ronaldo
108,2018-04-25 23:19:54,3346639546,BayernMunich,Cristiano Ronaldo
108,2018-04-25 23:19:54,3346639546,RealMadrid,Cristiano Ronaldo
108,2018-04-25 23:19:54,3346639546,Bayern,Cristiano Ronaldo
108,2018-04-25 23:19:54,3346639546,FCBRMA,Cristiano Ronaldo
108,2018-04-25 23:19:54,3346639546,RMAFCB,Cristiano Ronaldo
108,2018-04-25 23:19:54,3346639546,BayernReal,Cristiano Ronaldo
108,2018-04-25 23:19:54,3346639546,Bayernvsrealmadrid,Cristiano Ronaldo
110,2018-04-25 22:50:34,2678504636,Marcelo,Cristiano Ronaldo
110,2018-04-25 22:50:34,2678504636,BayernRealMadrid,Cristiano Ronaldo
110,2018-04-25 22:50:34,2678504636,BayernMunich,Cristiano Ronaldo
110,2018-04-25 22:50:34,2678504636,UCL,Cristiano Ronaldo
111,2018-04-25 22:49:30,66666126,Marcelo,Cristiano Ronaldo
111,2018-04-25 22:49:30,66666126,BayernRealMadrid,Cristiano Ronaldo
111,2018-04-25 22:49:30,66666126,BayernMunich,Cristiano Ronaldo
111,2018-04-25 22:49:30,66666126,UCL,Cristiano Ronaldo
112,2018-04-25 22:26:34,757875353901797376,Cristiano,Cristiano Ronaldo
112,2018-04-25 22:26:34,757875353901797376,Ronaldo,Cristiano Ronaldo
112,2018-04-25 22:26:34,757875353901797376,CristianoJr,Cristiano Ronaldo
112,2018-04-25 22:26:34,757875353901797376,Bycyclekick,Cristiano Ronaldo
113,2018-04-25 22:23:49,889848461960646656,APorLa13,Cristiano Ronaldo
114,2018-04-25 22:22:03,889848461960646656,APorLa13,Cristiano Ronaldo
115,2018-04-25 22:20:51,284951649,Asensio,Cristiano Ronaldo
115,2018-04-25 22:20:51,284951649,BayernRealMadrid,Cristiano Ronaldo
115,2018-04-25 22:20:51,284951649,BayernMunich,Cristiano Ronaldo
115,2018-04-25 22:20:51,284951649,UCL,Cristiano Ronaldo
116,2018-04-25 22:16:00,889848461960646656,APorLa13,Cristiano Ronaldo
117,2018-04-25 21:56:03,4097611282,wins,Cristiano Ronaldo
117,2018-04-25 21:56:03,4097611282,cristiano,Cristiano Ronaldo
118,2018-04-25 21:23:50,356098457,Asensio,Cristiano Ronaldo
118,2018-04-25 21:23:50,356098457,BayernRealMadrid,Cristiano Ronaldo
118,2018-04-25 21:23:50,356098457,BayernMunich,Cristiano Ronaldo
118,2018-04-25 21:23:50,356098457,UCL,Cristiano Ronaldo
119,2018-04-25 21:14:58,989241234467246080,realmadrid,Cristiano Ronaldo
119,2018-04-25 21:14:58,989241234467246080,cristiano,Cristiano Ronaldo
119,2018-04-25 21:14:58,989241234467246080,ronaldo,Cristiano Ronaldo
119,2018-04-25 21:14:58,989241234467246080,championship,Cristiano Ronaldo
119,2018-04-25 21:14:58,989241234467246080,uefa,Cristiano Ronaldo
119,2018-04-25 21:14:58,989241234467246080,live,Cristiano Ronaldo
119,2018-04-25 21:14:58,989241234467246080,HalaMadrid,Cristiano Ronaldo
119,2018-04-25 21:14:58,989241234467246080,fcbayern,Cristiano Ronaldo
120,2018-04-25 21:06:41,2937989141,Marcelo,Cristiano Ronaldo
120,2018-04-25 21:06:41,2937989141,BayernRealMadrid,Cristiano Ronaldo
120,2018-04-25 21:06:41,2937989141,BayernMunich,Cristiano Ronaldo
120,2018-04-25 21:06:41,2937989141,UCL,Cristiano Ronaldo
121,2018-04-25 20:57:40,53718752,Asensio,Cristiano Ronaldo
121,2018-04-25 20:57:40,53718752,BayernRealMadrid,Cristiano Ronaldo
121,2018-04-25 20:57:40,53718752,BayernMunich,Cristiano Ronaldo
121,2018-04-25 20:57:40,53718752,UCL,Cristiano Ronaldo
122,2018-04-25 20:57:38,53718752,Marcelo,Cristiano Ronaldo
122,2018-04-25 20:57:38,53718752,BayernRealMadrid,Cristiano Ronaldo
122,2018-04-25 20:57:38,53718752,BayernMunich,Cristiano Ronaldo
122,2018-04-25 20:57:38,53718752,UCL,Cristiano Ronaldo
123,2018-04-25 20:52:05,894848790729035776,Cristiano,Cristiano Ronaldo
124,2018-04-25 20:32:11,984872110890696704,bammotivation,Cristiano Ronaldo
125,2018-04-25 20:24:58,2914359765,Cristiano,Cristiano Ronaldo
125,2018-04-25 20:24:58,2914359765,Ronaldo,Cristiano Ronaldo
125,2018-04-25 20:24:58,2914359765,BallondOr,Cristiano Ronaldo
125,2018-04-25 20:24:58,2914359765,BayernRealMadrid,Cristiano Ronaldo
126,2018-04-25 20:21:46,76892209,Asensio,Cristiano Ronaldo
126,2018-04-25 20:21:46,76892209,BayernRealMadrid,Cristiano Ronaldo
126,2018-04-25 20:21:46,76892209,BayernMunich,Cristiano Ronaldo
126,2018-04-25 20:21:46,76892209,UCL,Cristiano Ronaldo
127,2018-04-25 20:16:24,144363080,BayernMunich,Cristiano Ronaldo
127,2018-04-25 20:16:24,144363080,RealMadrid,Cristiano Ronaldo
128,2018-04-25 20:15:38,884371486739509248,Asensio,Cristiano Ronaldo
128,2018-04-25 20:15:38,884371486739509248,BayernRealMadrid,Cristiano Ronaldo
128,2018-04-25 20:15:38,884371486739509248,BayernMunich,Cristiano Ronaldo
128,2018-04-25 20:15:38,884371486739509248,UCL,Cristiano Ronaldo
129,2018-04-25 20:11:39,3056093873,Cristiano,Cristiano Ronaldo
129,2018-04-25 20:11:39,3056093873,Ronaldo,Cristiano Ronaldo
130,2018-04-25 20:10:57,861665216844660736,Asensio,Cristiano Ronaldo
130,2018-04-25 20:10:57,861665216844660736,BayernRealMadrid,Cristiano Ronaldo
130,2018-04-25 20:10:57,861665216844660736,BayernMunich,Cristiano Ronaldo
130,2018-04-25 20:10:57,861665216844660736,UCL,Cristiano Ronaldo
131,2018-04-25 20:08:41,613371640,Asensio,Cristiano Ronaldo
131,2018-04-25 20:08:41,613371640,BayernRealMadrid,Cristiano Ronaldo
131,2018-04-25 20:08:41,613371640,BayernMunich,Cristiano Ronaldo
131,2018-04-25 20:08:41,613371640,UCL,Cristiano Ronaldo
132,2018-04-25 20:08:37,1887169266,Asensio,Cristiano Ronaldo
132,2018-04-25 20:08:37,1887169266,BayernRealMadrid,Cristiano Ronaldo
132,2018-04-25 20:08:37,1887169266,BayernMunich,Cristiano Ronaldo
132,2018-04-25 20:08:37,1887169266,UCL,Cristiano Ronaldo
133,2018-04-25 20:08:20,927207083539251200,Asensio,Cristiano Ronaldo
133,2018-04-25 20:08:20,927207083539251200,BayernRealMadrid,Cristiano Ronaldo
133,2018-04-25 20:08:20,927207083539251200,BayernMunich,Cristiano Ronaldo
133,2018-04-25 20:08:20,927207083539251200,UCL,Cristiano Ronaldo
134,2018-04-25 20:00:19,272645373,Marcelo,Cristiano Ronaldo
134,2018-04-25 20:00:19,272645373,BayernRealMadrid,Cristiano Ronaldo
134,2018-04-25 20:00:19,272645373,BayernMunich,Cristiano Ronaldo
134,2018-04-25 20:00:19,272645373,UCL,Cristiano Ronaldo
135,2018-04-25 19:56:40,269508306,Marcelo,Cristiano Ronaldo
135,2018-04-25 19:56:40,269508306,BayernRealMadrid,Cristiano Ronaldo
135,2018-04-25 19:56:40,269508306,BayernMunich,Cristiano Ronaldo
135,2018-04-25 19:56:40,269508306,UCL,Cristiano Ronaldo
136,2018-04-25 19:55:05,988443166520086528,Neyma,Cristiano Ronaldo
136,2018-04-25 19:55:05,988443166520086528,Cristiano,Cristiano Ronaldo
137,2018-04-25 19:52:12,823844978,Marcelo,Cristiano Ronaldo
137,2018-04-25 19:52:12,823844978,BayernRealMadrid,Cristiano Ronaldo
137,2018-04-25 19:52:12,823844978,BayernMunich,Cristiano Ronaldo
137,2018-04-25 19:52:12,823844978,UCL,Cristiano Ronaldo
138,2018-04-25 19:52:03,894848790729035776,Cristiano,Cristiano Ronaldo
139,2018-04-25 19:51:40,918485409868414976,Marcelo,Cristiano Ronaldo
139,2018-04-25 19:51:40,918485409868414976,BayernRealMadrid,Cristiano Ronaldo
139,2018-04-25 19:51:40,918485409868414976,BayernMunich,Cristiano Ronaldo
139,2018-04-25 19:51:40,918485409868414976,UCL,Cristiano Ronaldo
140,2018-04-25 19:51:35,1887169266,Marcelo,Cristiano Ronaldo
140,2018-04-25 19:51:35,1887169266,BayernRealMadrid,Cristiano Ronaldo
140,2018-04-25 19:51:35,1887169266,BayernMunich,Cristiano Ronaldo
140,2018-04-25 19:51:35,1887169266,UCL,Cristiano Ronaldo
141,2018-04-25 19:50:22,846056660086984704,Marcelo,Cristiano Ronaldo
141,2018-04-25 19:50:22,846056660086984704,BayernRealMadrid,Cristiano Ronaldo
141,2018-04-25 19:50:22,846056660086984704,BayernMunich,Cristiano Ronaldo
141,2018-04-25 19:50:22,846056660086984704,UCL,Cristiano Ronaldo
142,2018-04-25 19:46:24,892784587600011265,Marcelo,Cristiano Ronaldo
142,2018-04-25 19:46:24,892784587600011265,BayernRealMadrid,Cristiano Ronaldo
142,2018-04-25 19:46:24,892784587600011265,BayernMunich,Cristiano Ronaldo
142,2018-04-25 19:46:24,892784587600011265,UCL,Cristiano Ronaldo
143,2018-04-25 19:45:17,212470952,Marcelo,Cristiano Ronaldo
143,2018-04-25 19:45:17,212470952,BayernRealMadrid,Cristiano Ronaldo
143,2018-04-25 19:45:17,212470952,BayernMunich,Cristiano Ronaldo
143,2018-04-25 19:45:17,212470952,UCL,Cristiano Ronaldo
144,2018-04-25 19:44:18,714359486278795264,Marcelo,Cristiano Ronaldo
144,2018-04-25 19:44:18,714359486278795264,BayernRealMadrid,Cristiano Ronaldo
144,2018-04-25 19:44:18,714359486278795264,BayernMunich,Cristiano Ronaldo
144,2018-04-25 19:44:18,714359486278795264,UCL,Cristiano Ronaldo
145,2018-04-25 19:43:14,3104433714,Marcelo,Cristiano Ronaldo
145,2018-04-25 19:43:14,3104433714,BayernRealMadrid,Cristiano Ronaldo
145,2018-04-25 19:43:14,3104433714,BayernMunich,Cristiano Ronaldo
145,2018-04-25 19:43:14,3104433714,UCL,Cristiano Ronaldo
146,2018-04-25 19:43:12,122601912,Marcelo,Cristiano Ronaldo
146,2018-04-25 19:43:12,122601912,BayernRealMadrid,Cristiano Ronaldo
146,2018-04-25 19:43:12,122601912,BayernMunich,Cristiano Ronaldo
146,2018-04-25 19:43:12,122601912,UCL,Cristiano Ronaldo
147,2018-04-25 19:42:09,2257539278,Marcelo,Cristiano Ronaldo
147,2018-04-25 19:42:09,2257539278,BayernRealMadrid,Cristiano Ronaldo
147,2018-04-25 19:42:09,2257539278,BayernMunich,Cristiano Ronaldo
147,2018-04-25 19:42:09,2257539278,UCL,Cristiano Ronaldo
148,2018-04-25 19:40:20,1378554907,Marcelo,Cristiano Ronaldo
148,2018-04-25 19:40:20,1378554907,BayernRealMadrid,Cristiano Ronaldo
148,2018-04-25 19:40:20,1378554907,BayernMunich,Cristiano Ronaldo
148,2018-04-25 19:40:20,1378554907,UCL,Cristiano Ronaldo
149,2018-04-25 19:39:55,2721691889,Marcelo,Cristiano Ronaldo
149,2018-04-25 19:39:55,2721691889,BayernRealMadrid,Cristiano Ronaldo
149,2018-04-25 19:39:55,2721691889,BayernMunich,Cristiano Ronaldo
149,2018-04-25 19:39:55,2721691889,UCL,Cristiano Ronaldo
150,2018-04-25 19:39:22,888731721591644160,Marcelo,Cristiano Ronaldo
150,2018-04-25 19:39:22,888731721591644160,BayernRealMadrid,Cristiano Ronaldo
150,2018-04-25 19:39:22,888731721591644160,BayernMunich,Cristiano Ronaldo
150,2018-04-25 19:39:22,888731721591644160,UCL,Cristiano Ronaldo
151,2018-04-25 19:38:52,247935464,Marcelo,Cristiano Ronaldo
151,2018-04-25 19:38:52,247935464,BayernRealMadrid,Cristiano Ronaldo
151,2018-04-25 19:38:52,247935464,BayernMunich,Cristiano Ronaldo
151,2018-04-25 19:38:52,247935464,UCL,Cristiano Ronaldo
152,2018-04-25 19:38:45,3066098657,Marcelo,Cristiano Ronaldo
152,2018-04-25 19:38:45,3066098657,BayernRealMadrid,Cristiano Ronaldo
152,2018-04-25 19:38:45,3066098657,BayernMunich,Cristiano Ronaldo
152,2018-04-25 19:38:45,3066098657,UCL,Cristiano Ronaldo
153,2018-04-25 19:38:17,164115395,Marcelo,Cristiano Ronaldo
153,2018-04-25 19:38:17,164115395,BayernRealMadrid,Cristiano Ronaldo
153,2018-04-25 19:38:17,164115395,BayernMunich,Cristiano Ronaldo
153,2018-04-25 19:38:17,164115395,UCL,Cristiano Ronaldo
154,2018-04-25 19:37:57,1908605384,Marcelo,Cristiano Ronaldo
154,2018-04-25 19:37:57,1908605384,BayernRealMadrid,Cristiano Ronaldo
154,2018-04-25 19:37:57,1908605384,BayernMunich,Cristiano Ronaldo
154,2018-04-25 19:37:57,1908605384,UCL,Cristiano Ronaldo
155,2018-04-25 19:37:49,357880290,Marcelo,Cristiano Ronaldo
155,2018-04-25 19:37:49,357880290,BayernRealMadrid,Cristiano Ronaldo
155,2018-04-25 19:37:49,357880290,BayernMunich,Cristiano Ronaldo
155,2018-04-25 19:37:49,357880290,UCL,Cristiano Ronaldo
156,2018-04-25 19:37:18,1725555116,Marcelo,Cristiano Ronaldo
156,2018-04-25 19:37:18,1725555116,BayernRealMadrid,Cristiano Ronaldo
156,2018-04-25 19:37:18,1725555116,BayernMunich,Cristiano Ronaldo
156,2018-04-25 19:37:18,1725555116,UCL,Cristiano Ronaldo
157,2018-04-25 19:35:52,931945659489570817,Marcelo,Cristiano Ronaldo
157,2018-04-25 19:35:52,931945659489570817,BayernRealMadrid,Cristiano Ronaldo
157,2018-04-25 19:35:52,931945659489570817,BayernMunich,Cristiano Ronaldo
157,2018-04-25 19:35:52,931945659489570817,UCL,Cristiano Ronaldo
158,2018-04-25 19:35:02,927207083539251200,Marcelo,Cristiano Ronaldo
158,2018-04-25 19:35:02,927207083539251200,BayernRealMadrid,Cristiano Ronaldo
158,2018-04-25 19:35:02,927207083539251200,BayernMunich,Cristiano Ronaldo
158,2018-04-25 19:35:02,927207083539251200,UCL,Cristiano Ronaldo
159,2018-04-25 19:19:38,927207083539251200,Kimmich,Cristiano Ronaldo
159,2018-04-25 19:19:38,927207083539251200,BayernRealMadrid,Cristiano Ronaldo
159,2018-04-25 19:19:38,927207083539251200,BayernMunich,Cristiano Ronaldo
159,2018-04-25 19:19:38,927207083539251200,UCL,Cristiano Ronaldo
160,2018-04-25 19:14:06,804414323934175232,TBT,Cristiano Ronaldo
160,2018-04-25 19:14:06,804414323934175232,JoseErnostoSosa,Cristiano Ronaldo
160,2018-04-25 19:14:06,804414323934175232,Cristiano,Cristiano Ronaldo
160,2018-04-25 19:14:06,804414323934175232,JoseSosa,Cristiano Ronaldo
160,2018-04-25 19:14:06,804414323934175232,Cr7,Cristiano Ronaldo
161,2018-04-26 21:12:09,843399772794961920,chelseafc,Neymar
161,2018-04-26 21:12:09,843399772794961920,barca,Neymar
161,2018-04-26 21:12:09,843399772794961920,barcelona,Neymar
161,2018-04-26 21:12:09,843399772794961920,messi,Neymar
161,2018-04-26 21:12:09,843399772794961920,freekicks,Neymar
161,2018-04-26 21:12:09,843399772794961920,backflip,Neymar
161,2018-04-26 21:12:09,843399772794961920,freestyler,Neymar
161,2018-04-26 21:12:09,843399772794961920,wenger,Neymar
161,2018-04-26 21:12:09,843399772794961920,footballbible,Neymar
162,2018-04-26 21:01:59,989474761217658882,Neymar,Neymar
162,2018-04-26 21:01:59,989474761217658882,NeymarJr,Neymar
163,2018-04-26 21:00:50,51847064,Neymar,Neymar
163,2018-04-26 21:00:50,51847064,NeymarJr,Neymar
164,2018-04-26 20:47:14,988000149858406402,NeymarJr,Neymar
164,2018-04-26 20:47:14,988000149858406402,Neymar,Neymar
165,2018-04-26 20:42:12,761167991480410112,psg,Neymar
165,2018-04-26 20:42:12,761167991480410112,PSGASM,Neymar
165,2018-04-26 20:42:12,761167991480410112,dimaria,Neymar
165,2018-04-26 20:42:12,761167991480410112,cavani,Neymar
165,2018-04-26 20:42:12,761167991480410112,Locelso,Neymar
165,2018-04-26 20:42:12,761167991480410112,draxler,Neymar
165,2018-04-26 20:42:12,761167991480410112,mbappe,Neymar
165,2018-04-26 20:42:12,761167991480410112,Neymar,Neymar
166,2018-04-26 20:42:12,781931679816572929,psg,Neymar
166,2018-04-26 20:42:12,781931679816572929,PSGASM,Neymar
166,2018-04-26 20:42:12,781931679816572929,dimaria,Neymar
166,2018-04-26 20:42:12,781931679816572929,cavani,Neymar
166,2018-04-26 20:42:12,781931679816572929,Locelso,Neymar
166,2018-04-26 20:42:12,781931679816572929,draxler,Neymar
166,2018-04-26 20:42:12,781931679816572929,mbappe,Neymar
166,2018-04-26 20:42:12,781931679816572929,Neymar,Neymar
167,2018-04-26 20:27:46,174412515,VIDEO,Neymar
167,2018-04-26 20:27:46,174412515,FOTOS,Neymar
167,2018-04-26 20:27:46,174412515,Neymar,Neymar
167,2018-04-26 20:27:46,174412515,PSG,Neymar
168,2018-04-26 20:23:25,989474761217658882,NeymarJr,Neymar
168,2018-04-26 20:23:25,989474761217658882,Neymar,Neymar
169,2018-04-26 20:22:26,51847064,NeymarJr,Neymar
169,2018-04-26 20:22:26,51847064,Neymar,Neymar
170,2018-04-26 20:10:51,868210071788040193,psg,Neymar
170,2018-04-26 20:10:51,868210071788040193,PSGASM,Neymar
170,2018-04-26 20:10:51,868210071788040193,dimaria,Neymar
170,2018-04-26 20:10:51,868210071788040193,cavani,Neymar
170,2018-04-26 20:10:51,868210071788040193,Locelso,Neymar
170,2018-04-26 20:10:51,868210071788040193,draxler,Neymar
170,2018-04-26 20:10:51,868210071788040193,mbappe,Neymar
170,2018-04-26 20:10:51,868210071788040193,Neymar,Neymar
171,2018-04-26 20:03:08,267305823,Neymar,Neymar
172,2018-04-26 20:02:58,368588734,psg,Neymar
172,2018-04-26 20:02:58,368588734,PSGASM,Neymar
172,2018-04-26 20:02:58,368588734,dimaria,Neymar
172,2018-04-26 20:02:58,368588734,cavani,Neymar
172,2018-04-26 20:02:58,368588734,Locelso,Neymar
172,2018-04-26 20:02:58,368588734,draxler,Neymar
172,2018-04-26 20:02:58,368588734,mbappe,Neymar
172,2018-04-26 20:02:58,368588734,Neymar,Neymar
173,2018-04-26 20:02:56,982266942441467904,psg,Neymar
173,2018-04-26 20:02:56,982266942441467904,PSGASM,Neymar
173,2018-04-26 20:02:56,982266942441467904,dimaria,Neymar
173,2018-04-26 20:02:56,982266942441467904,cavani,Neymar
173,2018-04-26 20:02:56,982266942441467904,Locelso,Neymar
173,2018-04-26 20:02:56,982266942441467904,draxler,Neymar
173,2018-04-26 20:02:56,982266942441467904,mbappe,Neymar
173,2018-04-26 20:02:56,982266942441467904,Neymar,Neymar
174,2018-04-26 20:00:25,3466864756,Neymar,Neymar
174,2018-04-26 20:00:25,3466864756,teamPSG,Neymar
175,2018-04-26 19:36:48,1074631303,Neymar,Neymar
175,2018-04-26 19:36:48,1074631303,PSG,Neymar
175,2018-04-26 19:36:48,1074631303,TeamPSG,Neymar
176,2018-04-26 19:32:20,36880984,TCLover,Neymar
176,2018-04-26 19:32:20,36880984,TCLMEX,Neymar
176,2018-04-26 19:32:20,36880984,BeSmart,Neymar
178,2018-04-26 19:23:47,837713045342277632,YouTube,Neymar
178,2018-04-26 19:23:47,837713045342277632,creator,Neymar
178,2018-04-26 19:23:47,837713045342277632,football,Neymar
178,2018-04-26 19:23:47,837713045342277632,soccer,Neymar
178,2018-04-26 19:23:47,837713045342277632,Neymar,Neymar
178,2018-04-26 19:23:47,837713045342277632,ronaldinho,Neymar
180,2018-04-26 18:53:26,87332847,Neymar,Neymar
181,2018-04-26 18:38:52,344798034,fofocalizando,Neymar
181,2018-04-26 18:38:52,344798034,FofocalizandoNoSBT,Neymar
181,2018-04-26 18:38:52,344798034,liviaandrade,Neymar
181,2018-04-26 18:38:52,344798034,BrunaMarquezine,Neymar
181,2018-04-26 18:38:52,344798034,neymar,Neymar
183,2018-04-26 18:37:30,856541173325758468,TCLover,Neymar
185,2018-04-26 18:31:08,4570794195,BTP,Neymar
185,2018-04-26 18:31:08,4570794195,Neymar,Neymar
186,2018-04-26 18:30:19,573987380,Salah,Neymar
186,2018-04-26 18:30:19,573987380,Liverpool,Neymar
186,2018-04-26 18:30:19,573987380,Neymar,Neymar
186,2018-04-26 18:30:19,573987380,RealMadrid,Neymar
186,2018-04-26 18:30:19,573987380,PSG,Neymar
187,2018-04-26 18:26:08,3242927754,MoSalah,Neymar
187,2018-04-26 18:26:08,3242927754,Firmino,Neymar
187,2018-04-26 18:26:08,3242927754,UCL,Neymar
188,2018-04-26 18:25:24,3242927754,Neymar,Neymar
188,2018-04-26 18:25:24,3242927754,PSG,Neymar
188,2018-04-26 18:25:24,3242927754,Brazil,Neymar
188,2018-04-26 18:25:24,3242927754,FreestyleFootball,Neymar
188,2018-04-26 18:25:24,3242927754,FootTheBall,Neymar
189,2018-04-26 18:24:24,3242927754,messi,Neymar
189,2018-04-26 18:24:24,3242927754,Ronaldo,Neymar
189,2018-04-26 18:24:24,3242927754,neymar,Neymar
189,2018-04-26 18:24:24,3242927754,bale,Neymar
189,2018-04-26 18:24:24,3242927754,pique,Neymar
189,2018-04-26 18:24:24,3242927754,FootTheBall,Neymar
189,2018-04-26 18:24:24,3242927754,wage,Neymar
190,2018-04-26 18:21:56,938119751259303937,Neymar,Neymar
190,2018-04-26 18:21:56,938119751259303937,Kaysar,Neymar
190,2018-04-26 18:21:56,938119751259303937,BBB18,Neymar
190,2018-04-26 18:21:56,938119751259303937,ExBBB,Neymar
190,2018-04-26 18:21:56,938119751259303937,IrmãDeNeymar,Neymar
190,2018-04-26 18:21:56,938119751259303937,RafaellaSantos,Neymar
191,2018-04-26 18:21:05,103355620,Neymar,Neymar
191,2018-04-26 18:21:05,103355620,PSG,Neymar
192,2018-04-26 18:19:28,978660796111753216,Neymar,Neymar
193,2018-04-26 18:19:27,978660796111753216,Neymar,Neymar
194,2018-04-26 18:15:12,127873153,Neymar,Neymar
195,2018-04-26 18:00:25,3466864756,Neymar,Neymar
195,2018-04-26 18:00:25,3466864756,teamPSG,Neymar
197,2018-04-26 17:53:41,2280450452,Neymar,Neymar
197,2018-04-26 17:53:41,2280450452,PSG,Neymar
198,2018-04-26 17:49:50,2387820690,Neymar,Neymar
198,2018-04-26 17:49:50,2387820690,PSG,Neymar
199,2018-04-26 17:45:47,1355634392,Neymar,Neymar
199,2018-04-26 17:45:47,1355634392,frightening,Neymar
199,2018-04-26 17:45:47,1355634392,ConfedCup2013,Neymar
201,2018-04-26 17:41:21,961587755926114305,Neymar,Neymar
201,2018-04-26 17:41:21,961587755926114305,PSG,Neymar
201,2018-04-26 17:41:21,961587755926114305,Brazil,Neymar
201,2018-04-26 17:41:21,961587755926114305,FreestyleFootball,Neymar
201,2018-04-26 17:41:21,961587755926114305,FootTheBall,Neymar
202,2018-04-26 17:40:25,986291031632240640,Neymar,Neymar
203,2018-04-26 17:40:02,704594716474519552,MoSalah,Neymar
203,2018-04-26 17:40:02,704594716474519552,Firmino,Neymar
203,2018-04-26 17:40:02,704594716474519552,UCL,Neymar
204,2018-04-26 17:39:52,888656047971368961,neymar,Neymar
204,2018-04-26 17:39:52,888656047971368961,paco,Neymar
204,2018-04-26 17:39:52,888656047971368961,alcacer,Neymar
204,2018-04-26 17:39:52,888656047971368961,PS4share,Neymar
204,2018-04-26 17:39:52,888656047971368961,pes2017,Neymar
204,2018-04-26 17:39:52,888656047971368961,barca,Neymar
204,2018-04-26 17:39:52,888656047971368961,coutinho,Neymar
204,2018-04-26 17:39:52,888656047971368961,Messi,Neymar
204,2018-04-26 17:39:52,888656047971368961,madrid,Neymar
204,2018-04-26 17:39:52,888656047971368961,uefa,Neymar
204,2018-04-26 17:39:52,888656047971368961,roma,Neymar
204,2018-04-26 17:39:52,888656047971368961,juve,Neymar
205,2018-04-26 17:26:55,974963392975917062,chelseafc,Neymar
205,2018-04-26 17:26:55,974963392975917062,barca,Neymar
205,2018-04-26 17:26:55,974963392975917062,barcelona,Neymar
205,2018-04-26 17:26:55,974963392975917062,messi,Neymar
205,2018-04-26 17:26:55,974963392975917062,freekicks,Neymar
205,2018-04-26 17:26:55,974963392975917062,backflip,Neymar
205,2018-04-26 17:26:55,974963392975917062,freestyler,Neymar
205,2018-04-26 17:26:55,974963392975917062,wenger,Neymar
205,2018-04-26 17:26:55,974963392975917062,footballbible,Neymar
206,2018-04-26 17:26:44,22019866,Neymar,Neymar
206,2018-04-26 17:26:44,22019866,Kaysar,Neymar
206,2018-04-26 17:26:44,22019866,BBB18,Neymar
206,2018-04-26 17:26:44,22019866,ExBBB,Neymar
206,2018-04-26 17:26:44,22019866,IrmãDeNeymar,Neymar
206,2018-04-26 17:26:44,22019866,RafaellaSantos,Neymar
208,2018-04-26 17:20:16,789870990,Neymar,Neymar
209,2018-04-26 17:18:00,854677229133066241,Neymar,Neymar
209,2018-04-26 17:18:00,854677229133066241,PSG,Neymar
210,2018-04-26 17:04:59,989170526072565760,Mundial,Neymar
210,2018-04-26 17:04:59,989170526072565760,rusia,Neymar
210,2018-04-26 17:04:59,989170526072565760,rusia2018,Neymar
210,2018-04-26 17:04:59,989170526072565760,album,Neymar
210,2018-04-26 17:04:59,989170526072565760,panini,Neymar
211,2018-04-26 17:04:41,125737181,VIDEO,Neymar
211,2018-04-26 17:04:41,125737181,FOTOS,Neymar
211,2018-04-26 17:04:41,125737181,Neymar,Neymar
211,2018-04-26 17:04:41,125737181,PSG,Neymar
212,2018-04-26 17:00:30,3897980123,Neymar,Neymar
212,2018-04-26 17:00:30,3897980123,MohamedSalah,Neymar
212,2018-04-26 17:00:30,3897980123,CracksACLM,Neymar
213,2018-04-26 16:46:04,50330307,Neymar,Neymar
213,2018-04-26 16:46:04,50330307,passion,Neymar
213,2018-04-26 16:46:04,50330307,expertise,Neymar
213,2018-04-26 16:46:04,50330307,Brasil,Neymar
215,2018-04-26 16:41:48,975786316901298176,goals,Neymar
215,2018-04-26 16:41:48,975786316901298176,messi,Neymar
215,2018-04-26 16:41:48,975786316901298176,realmadrid,Neymar
215,2018-04-26 16:41:48,975786316901298176,fcbarcelona,Neymar
215,2018-04-26 16:41:48,975786316901298176,lionelmessi,Neymar
215,2018-04-26 16:41:48,975786316901298176,leomessi,Neymar
215,2018-04-26 16:41:48,975786316901298176,leo,Neymar
216,2018-04-26 16:40:43,957097694635294720,goals,Neymar
216,2018-04-26 16:40:43,957097694635294720,messi,Neymar
216,2018-04-26 16:40:43,957097694635294720,realmadrid,Neymar
216,2018-04-26 16:40:43,957097694635294720,fcbarcelona,Neymar
216,2018-04-26 16:40:43,957097694635294720,lionelmessi,Neymar
216,2018-04-26 16:40:43,957097694635294720,leomessi,Neymar
216,2018-04-26 16:40:43,957097694635294720,leo,Neymar
217,2018-04-26 16:39:55,987712754680246274,realmadrid,Neymar
217,2018-04-26 16:39:55,987712754680246274,rm,Neymar
217,2018-04-26 16:39:55,987712754680246274,madrid,Neymar
217,2018-04-26 16:39:55,987712754680246274,psg,Neymar
217,2018-04-26 16:39:55,987712754680246274,paris,Neymar
217,2018-04-26 16:39:55,987712754680246274,cr7,Neymar
217,2018-04-26 16:39:55,987712754680246274,ronaldo,Neymar
217,2018-04-26 16:39:55,987712754680246274,neymar,Neymar
217,2018-04-26 16:39:55,987712754680246274,bernabeu,Neymar
218,2018-04-26 16:35:09,856541173325758468,TCLMEX,Neymar
218,2018-04-26 16:35:09,856541173325758468,Neymar,Neymar
218,2018-04-26 16:35:09,856541173325758468,BeSmart,Neymar
218,2018-04-26 16:35:09,856541173325758468,BeYourself,Neymar
218,2018-04-26 16:35:09,856541173325758468,TCLover,Neymar
219,2018-04-26 16:34:21,3683436737,Neymar,Neymar
219,2018-04-26 16:34:21,3683436737,Quimper,Neymar
219,2018-04-26 16:34:21,3683436737,Faience,Neymar
219,2018-04-26 16:34:21,3683436737,Bretagne,Neymar
220,2018-04-26 16:33:16,3611050817,Neymar,Neymar
220,2018-04-26 16:33:16,3611050817,PSG,Neymar
221,2018-04-26 16:00:25,966127431655591937,football,Neymar
221,2018-04-26 16:00:25,966127431655591937,worldcup,Neymar
221,2018-04-26 16:00:25,966127431655591937,fifa,Neymar
221,2018-04-26 16:00:25,966127431655591937,soccer,Neymar
222,2018-04-26 15:43:50,2314605248,Neymar,Neymar
222,2018-04-26 15:43:50,2314605248,futbol,Neymar
222,2018-04-26 15:43:50,2314605248,Rusia2018,Neymar
223,2018-04-26 15:39:43,67457780,Neymar,Neymar
223,2018-04-26 15:39:43,67457780,futbol,Neymar
224,2018-04-26 15:25:12,987513827532181504,turbanli,Neymar
224,2018-04-26 15:25:12,987513827532181504,turbanlikızlar,Neymar
224,2018-04-26 15:25:12,987513827532181504,turbanliifşa,Neymar
224,2018-04-26 15:25:12,987513827532181504,sexy,Neymar
224,2018-04-26 15:25:12,987513827532181504,dance,Neymar
224,2018-04-26 15:25:12,987513827532181504,twerk,Neymar
224,2018-04-26 15:25:12,987513827532181504,dulhatun,Neymar
224,2018-04-26 15:25:12,987513827532181504,CR7,Neymar
225,2018-04-26 15:22:47,2736864983,Neymar,Neymar
226,2018-04-26 15:14:03,518710755,brezilya,Neymar
226,2018-04-26 15:14:03,518710755,neymar,Neymar
226,2018-04-26 15:14:03,518710755,neymarjr,Neymar
226,2018-04-26 15:14:03,518710755,world,Neymar
226,2018-04-26 15:14:03,518710755,finals,Neymar
226,2018-04-26 15:14:03,518710755,brezil,Neymar
226,2018-04-26 15:14:03,518710755,redbull,Neymar
226,2018-04-26 15:14:03,518710755,redbulltr,Neymar
227,2018-04-26 15:06:40,998149842,PSG,Neymar
227,2018-04-26 15:06:40,998149842,teamPSG,Neymar
227,2018-04-26 15:06:40,998149842,Nickelodeon,Neymar
227,2018-04-26 15:06:40,998149842,Neymar,Neymar
228,2018-04-26 15:05:11,824169988626018304,Neymar,Neymar
228,2018-04-26 15:05:11,824169988626018304,Barcelona,Neymar
228,2018-04-26 15:05:11,824169988626018304,PSG,Neymar
229,2018-04-26 15:04:31,197763449,Salah,Neymar
229,2018-04-26 15:04:31,197763449,Neymar,Neymar
229,2018-04-26 15:04:31,197763449,Liverpool,Neymar
230,2018-04-26 15:01:01,307278565,Salah,Neymar
230,2018-04-26 15:01:01,307278565,Neymar,Neymar
230,2018-04-26 15:01:01,307278565,Liverpool,Neymar
231,2018-04-26 14:59:39,622619822,golazo,Neymar
231,2018-04-26 14:59:39,622619822,goal,Neymar
231,2018-04-26 14:59:39,622619822,NeymarJr,Neymar
231,2018-04-26 14:59:39,622619822,Neymar,Neymar
232,2018-04-26 14:40:14,3201223407,Rumeurs,Neymar
232,2018-04-26 14:40:14,3201223407,Neymar,Neymar
232,2018-04-26 14:40:14,3201223407,PSG,Neymar
235,2018-04-26 14:30:33,1074631303,Neymar,Neymar
235,2018-04-26 14:30:33,1074631303,PSG,Neymar
236,2018-04-26 14:27:22,946849727559163907,Neymar,Neymar
237,2018-04-26 14:25:03,969424164317814784,BBB18,Neymar
237,2018-04-26 14:25:03,969424164317814784,bb,Neymar
237,2018-04-26 14:25:03,969424164317814784,bbg,Neymar
237,2018-04-26 14:25:03,969424164317814784,rafaella,Neymar
237,2018-04-26 14:25:03,969424164317814784,neymarjr,Neymar
237,2018-04-26 14:25:03,969424164317814784,neymar,Neymar
238,2018-04-26 14:14:18,26035191,nba,Neymar
238,2018-04-26 14:14:18,26035191,nhl,Neymar
238,2018-04-26 14:14:18,26035191,mlb,Neymar
238,2018-04-26 14:14:18,26035191,nfl,Neymar
238,2018-04-26 14:14:18,26035191,ufc,Neymar
238,2018-04-26 14:14:18,26035191,surf,Neymar
238,2018-04-26 14:14:18,26035191,sk8,Neymar
238,2018-04-26 14:14:18,26035191,tennis,Neymar
238,2018-04-26 14:14:18,26035191,f1,Neymar
238,2018-04-26 14:14:18,26035191,neymar,Neymar
238,2018-04-26 14:14:18,26035191,messi,Neymar
238,2018-04-26 14:14:18,26035191,cr7,Neymar
238,2018-04-26 14:14:18,26035191,leomessi,Neymar
238,2018-04-26 14:14:18,26035191,ucl,Neymar
238,2018-04-26 14:14:18,26035191,CristianoRonaldo,Neymar
239,2018-04-26 13:50:49,973934836678299648,ronaldo,Neymar
239,2018-04-26 13:50:49,973934836678299648,zidane,Neymar
239,2018-04-26 13:50:49,973934836678299648,totti,Neymar
239,2018-04-26 13:50:49,973934836678299648,neymar,Neymar
239,2018-04-26 13:50:49,973934836678299648,pogba,Neymar
239,2018-04-26 13:50:49,973934836678299648,beckham,Neymar
239,2018-04-26 13:50:49,973934836678299648,ronaldinho,Neymar
239,2018-04-26 13:50:49,973934836678299648,kaka,Neymar
240,2018-04-26 13:49:53,2597580620,PSG,Neymar
240,2018-04-26 13:49:53,2597580620,teamPSG,Neymar
240,2018-04-26 13:49:53,2597580620,Nickelodeon,Neymar
240,2018-04-26 13:49:53,2597580620,Neymar,Neymar
241,2018-04-26 13:48:29,2457530286,fcwc,Neymar
241,2018-04-26 13:48:29,2457530286,FCB,Neymar
241,2018-04-26 13:48:29,2457530286,barca,Neymar
241,2018-04-26 13:48:29,2457530286,Messi,Neymar
241,2018-04-26 13:48:29,2457530286,Neymar,Neymar
241,2018-04-26 13:48:29,2457530286,LEGA,Neymar
241,2018-04-26 13:48:29,2457530286,横浜,Neymar
241,2018-04-26 13:48:29,2457530286,japan,Neymar
241,2018-04-26 13:48:29,2457530286,hotel,Neymar
242,2018-04-26 13:46:26,371242692,Salah,Neymar
242,2018-04-26 13:46:26,371242692,Neymar,Neymar
242,2018-04-26 13:46:26,371242692,Liverpool,Neymar
243,2018-04-26 13:43:20,948976607791910913,golazo,Neymar
243,2018-04-26 13:43:20,948976607791910913,goal,Neymar
243,2018-04-26 13:43:20,948976607791910913,NeymarJr,Neymar
243,2018-04-26 13:43:20,948976607791910913,Neymar,Neymar
244,2018-04-26 13:42:11,1002419821,feforcafoco,Neymar
244,2018-04-26 13:42:11,1002419821,neymar,Neymar
244,2018-04-26 13:42:11,1002419821,tardezinhacomthiaguinho,Neymar
245,2018-04-26 13:27:17,2889076047,BTP,Neymar
245,2018-04-26 13:27:17,2889076047,Neymar,Neymar
246,2018-04-26 13:20:38,368242525,Neymar,Neymar
247,2018-04-26 13:19:43,26035191,nba,Neymar
247,2018-04-26 13:19:43,26035191,nhl,Neymar
247,2018-04-26 13:19:43,26035191,mlb,Neymar
247,2018-04-26 13:19:43,26035191,nfl,Neymar
247,2018-04-26 13:19:43,26035191,ufc,Neymar
247,2018-04-26 13:19:43,26035191,surf,Neymar
247,2018-04-26 13:19:43,26035191,sk8,Neymar
247,2018-04-26 13:19:43,26035191,tennis,Neymar
247,2018-04-26 13:19:43,26035191,f1,Neymar
247,2018-04-26 13:19:43,26035191,neymar,Neymar
247,2018-04-26 13:19:43,26035191,messi,Neymar
247,2018-04-26 13:19:43,26035191,cr7,Neymar
247,2018-04-26 13:19:43,26035191,leomessi,Neymar
247,2018-04-26 13:19:43,26035191,ucl,Neymar
247,2018-04-26 13:19:43,26035191,CristianoRonaldo,Neymar
248,2018-04-26 13:17:36,1544229428,PSG,Neymar
248,2018-04-26 13:17:36,1544229428,teamPSG,Neymar
248,2018-04-26 13:17:36,1544229428,Nickelodeon,Neymar
248,2018-04-26 13:17:36,1544229428,Neymar,Neymar
249,2018-04-26 13:14:02,310189656,PSG,Neymar
249,2018-04-26 13:14:02,310189656,Neymar,Neymar
249,2018-04-26 13:14:02,310189656,Oblak,Neymar
250,2018-04-26 13:12:46,4733730982,BTP,Neymar
250,2018-04-26 13:12:46,4733730982,Neymar,Neymar
251,2018-04-26 13:04:16,98095609,Neymar,Neymar
251,2018-04-26 13:04:16,98095609,Salah,Neymar
252,2018-04-26 13:52:19,22633690,manu,Wayne Rooney
252,2018-04-26 13:52:19,22633690,manchesterunited,Wayne Rooney
252,2018-04-26 13:52:19,22633690,zlatan,Wayne Rooney
252,2018-04-26 13:52:19,22633690,pogba,Wayne Rooney
252,2018-04-26 13:52:19,22633690,wayne,Wayne Rooney
252,2018-04-26 13:52:19,22633690,rooney,Wayne Rooney
253,2018-04-26 07:55:53,727532733661122562,Wayne,Wayne Rooney
253,2018-04-26 07:55:53,727532733661122562,Rooney,Wayne Rooney
253,2018-04-26 07:55:53,727532733661122562,Scores,Wayne Rooney
253,2018-04-26 07:55:53,727532733661122562,200th,Wayne Rooney
253,2018-04-26 07:55:53,727532733661122562,Premier,Wayne Rooney
253,2018-04-26 07:55:53,727532733661122562,League,Wayne Rooney
254,2018-04-19 20:03:02,4097611282,rooney,Wayne Rooney
254,2018-04-19 20:03:02,4097611282,allardyce,Wayne Rooney
256,2018-04-25 04:59:53,896319961332928512,Mario,Mario Balotelli
256,2018-04-25 04:59:53,896319961332928512,Balotelli,Mario Balotelli
257,2018-04-24 08:00:04,4097611282,balotelli,Mario Balotelli
257,2018-04-24 08:00:04,4097611282,nice,Mario Balotelli
257,2018-04-24 08:00:04,4097611282,mario,Mario Balotelli
258,2018-04-21 20:25:21,797139512132505600,Balo,Mario Balotelli
258,2018-04-21 20:25:21,797139512132505600,mario,Mario Balotelli
258,2018-04-21 20:25:21,797139512132505600,nice,Mario Balotelli
258,2018-04-21 20:25:21,797139512132505600,italia,Mario Balotelli
258,2018-04-21 20:25:21,797139512132505600,italy,Mario Balotelli
258,2018-04-21 20:25:21,797139512132505600,france,Mario Balotelli
258,2018-04-21 20:25:21,797139512132505600,football,Mario Balotelli
259,2018-04-18 20:39:49,963176146027282433,Mario,Mario Balotelli
259,2018-04-18 20:39:49,963176146027282433,Balotelli,Mario Balotelli
259,2018-04-18 20:39:49,963176146027282433,Nice,Mario Balotelli
260,2018-04-17 16:24:46,4614204614,Screensaver,Mario Balotelli
260,2018-04-17 16:24:46,4614204614,Walpaper,Mario Balotelli
260,2018-04-17 16:24:46,4614204614,LamarSally,Mario Balotelli
260,2018-04-17 16:24:46,4614204614,Balotelli,Mario Balotelli
260,2018-04-17 16:24:46,4614204614,Mario,Mario Balotelli
261,2018-04-18 10:02:06,717039627916484608,Andrea,Andrea Pirlo
261,2018-04-18 10:02:06,717039627916484608,Pirlo,Andrea Pirlo
261,2018-04-18 10:02:06,717039627916484608,addio,Andrea Pirlo
261,2018-04-18 10:02:06,717039627916484608,calcio,Andrea Pirlo
264,2018-04-25 22:27:05,4097611282,gareth,Gareth Bale
264,2018-04-25 22:27:05,4097611282,bayern,Gareth Bale
264,2018-04-25 22:27:05,4097611282,real,Gareth Bale
265,2018-04-25 14:28:03,4097611282,future,Gareth Bale
265,2018-04-25 14:28:03,4097611282,gareth,Gareth Bale
265,2018-04-25 14:28:03,4097611282,player,Gareth Bale
267,2018-04-25 01:30:10,1129277120,GARETH,Gareth Bale
267,2018-04-25 01:30:10,1129277120,BALE,Gareth Bale
267,2018-04-25 01:30:10,1129277120,PSICOLOGIA,Gareth Bale
268,2018-04-23 19:57:13,3253704684,spain,Gareth Bale
268,2018-04-23 19:57:13,3253704684,spanish,Gareth Bale
268,2018-04-23 19:57:13,3253704684,harryfan,Gareth Bale
268,2018-04-23 19:57:13,3253704684,harrycool15,Gareth Bale
268,2018-04-23 19:57:13,3253704684,realmadrid,Gareth Bale
268,2018-04-23 19:57:13,3253704684,laliga,Gareth Bale
268,2018-04-23 19:57:13,3253704684,garethbale11,Gareth Bale
268,2018-04-23 19:57:13,3253704684,bale,Gareth Bale
268,2018-04-23 19:57:13,3253704684,Wales,Gareth Bale
268,2018-04-23 19:57:13,3253704684,welsh,Gareth Bale
268,2018-04-23 19:57:13,3253704684,realmadridcf,Gareth Bale
268,2018-04-23 19:57:13,3253704684,gb11,Gareth Bale
269,2018-04-23 19:57:04,3253704684,spain,Gareth Bale
269,2018-04-23 19:57:04,3253704684,spanish,Gareth Bale
269,2018-04-23 19:57:04,3253704684,harryfan,Gareth Bale
269,2018-04-23 19:57:04,3253704684,harrycool15,Gareth Bale
269,2018-04-23 19:57:04,3253704684,realmadrid,Gareth Bale
269,2018-04-23 19:57:04,3253704684,laliga,Gareth Bale
269,2018-04-23 19:57:04,3253704684,garethbale11,Gareth Bale
269,2018-04-23 19:57:04,3253704684,bale,Gareth Bale
269,2018-04-23 19:57:04,3253704684,Wales,Gareth Bale
269,2018-04-23 19:57:04,3253704684,welsh,Gareth Bale
269,2018-04-23 19:57:04,3253704684,realmadridcf,Gareth Bale
269,2018-04-23 19:57:04,3253704684,gb11,Gareth Bale
270,2018-04-23 19:55:21,3253704684,spain,Gareth Bale
270,2018-04-23 19:55:21,3253704684,spanish,Gareth Bale
270,2018-04-23 19:55:21,3253704684,harryfan,Gareth Bale
270,2018-04-23 19:55:21,3253704684,harrycool15,Gareth Bale
270,2018-04-23 19:55:21,3253704684,realmadrid,Gareth Bale
270,2018-04-23 19:55:21,3253704684,laliga,Gareth Bale
270,2018-04-23 19:55:21,3253704684,garethbale11,Gareth Bale
270,2018-04-23 19:55:21,3253704684,bale,Gareth Bale
270,2018-04-23 19:55:21,3253704684,Wales,Gareth Bale
270,2018-04-23 19:55:21,3253704684,welsh,Gareth Bale
270,2018-04-23 19:55:21,3253704684,realmadridcf,Gareth Bale
270,2018-04-23 19:55:21,3253704684,gb11,Gareth Bale
271,2018-04-23 19:52:31,3253704684,spain,Gareth Bale
271,2018-04-23 19:52:31,3253704684,spanish,Gareth Bale
271,2018-04-23 19:52:31,3253704684,harryfan,Gareth Bale
271,2018-04-23 19:52:31,3253704684,harrycool15,Gareth Bale
271,2018-04-23 19:52:31,3253704684,realmadrid,Gareth Bale
271,2018-04-23 19:52:31,3253704684,laliga,Gareth Bale
271,2018-04-23 19:52:31,3253704684,garethbale11,Gareth Bale
271,2018-04-23 19:52:31,3253704684,bale,Gareth Bale
271,2018-04-23 19:52:31,3253704684,Wales,Gareth Bale
271,2018-04-23 19:52:31,3253704684,welsh,Gareth Bale
271,2018-04-23 19:52:31,3253704684,realmadridcf,Gareth Bale
271,2018-04-23 19:52:31,3253704684,gb11,Gareth Bale
272,2018-04-23 19:49:24,3253704684,spain,Gareth Bale
272,2018-04-23 19:49:24,3253704684,spanish,Gareth Bale
272,2018-04-23 19:49:24,3253704684,harryfan,Gareth Bale
272,2018-04-23 19:49:24,3253704684,harrycool15,Gareth Bale
272,2018-04-23 19:49:24,3253704684,realmadrid,Gareth Bale
272,2018-04-23 19:49:24,3253704684,laliga,Gareth Bale
272,2018-04-23 19:49:24,3253704684,garethbale11,Gareth Bale
272,2018-04-23 19:49:24,3253704684,bale,Gareth Bale
272,2018-04-23 19:49:24,3253704684,Wales,Gareth Bale
272,2018-04-23 19:49:24,3253704684,welsh,Gareth Bale
272,2018-04-23 19:49:24,3253704684,realmadridcf,Gareth Bale
272,2018-04-23 19:49:24,3253704684,gb11,Gareth Bale
273,2018-04-23 04:42:25,3253704684,spain,Gareth Bale
273,2018-04-23 04:42:25,3253704684,spanish,Gareth Bale
273,2018-04-23 04:42:25,3253704684,harryfan,Gareth Bale
273,2018-04-23 04:42:25,3253704684,harrycool15,Gareth Bale
273,2018-04-23 04:42:25,3253704684,realmadrid,Gareth Bale
273,2018-04-23 04:42:25,3253704684,laliga,Gareth Bale
273,2018-04-23 04:42:25,3253704684,garethbale11,Gareth Bale
273,2018-04-23 04:42:25,3253704684,bale,Gareth Bale
273,2018-04-23 04:42:25,3253704684,Wales,Gareth Bale
273,2018-04-23 04:42:25,3253704684,welsh,Gareth Bale
273,2018-04-23 04:42:25,3253704684,realmadridcf,Gareth Bale
273,2018-04-23 04:42:25,3253704684,gb11,Gareth Bale
274,2018-04-23 04:42:10,3253704684,spain,Gareth Bale
274,2018-04-23 04:42:10,3253704684,spanish,Gareth Bale
274,2018-04-23 04:42:10,3253704684,harryfan,Gareth Bale
274,2018-04-23 04:42:10,3253704684,harrycool15,Gareth Bale
274,2018-04-23 04:42:10,3253704684,realmadrid,Gareth Bale
274,2018-04-23 04:42:10,3253704684,laliga,Gareth Bale
274,2018-04-23 04:42:10,3253704684,garethbale11,Gareth Bale
274,2018-04-23 04:42:10,3253704684,bale,Gareth Bale
274,2018-04-23 04:42:10,3253704684,Wales,Gareth Bale
274,2018-04-23 04:42:10,3253704684,welsh,Gareth Bale
274,2018-04-23 04:42:10,3253704684,realmadridcf,Gareth Bale
274,2018-04-23 04:42:10,3253704684,gb11,Gareth Bale
275,2018-04-23 04:41:44,3253704684,spain,Gareth Bale
275,2018-04-23 04:41:44,3253704684,spanish,Gareth Bale
275,2018-04-23 04:41:44,3253704684,harryfan,Gareth Bale
275,2018-04-23 04:41:44,3253704684,harrycool15,Gareth Bale
275,2018-04-23 04:41:44,3253704684,realmadrid,Gareth Bale
275,2018-04-23 04:41:44,3253704684,laliga,Gareth Bale
275,2018-04-23 04:41:44,3253704684,garethbale11,Gareth Bale
275,2018-04-23 04:41:44,3253704684,bale,Gareth Bale
275,2018-04-23 04:41:44,3253704684,Wales,Gareth Bale
275,2018-04-23 04:41:44,3253704684,welsh,Gareth Bale
275,2018-04-23 04:41:44,3253704684,realmadridcf,Gareth Bale
275,2018-04-23 04:41:44,3253704684,gb11,Gareth Bale
276,2018-04-23 04:41:24,3253704684,spain,Gareth Bale
276,2018-04-23 04:41:24,3253704684,spanish,Gareth Bale
276,2018-04-23 04:41:24,3253704684,harryfan,Gareth Bale
276,2018-04-23 04:41:24,3253704684,harrycool15,Gareth Bale
276,2018-04-23 04:41:24,3253704684,realmadrid,Gareth Bale
276,2018-04-23 04:41:24,3253704684,laliga,Gareth Bale
276,2018-04-23 04:41:24,3253704684,garethbale11,Gareth Bale
276,2018-04-23 04:41:24,3253704684,bale,Gareth Bale
276,2018-04-23 04:41:24,3253704684,Wales,Gareth Bale
276,2018-04-23 04:41:24,3253704684,welsh,Gareth Bale
276,2018-04-23 04:41:24,3253704684,realmadridcf,Gareth Bale
276,2018-04-23 04:41:24,3253704684,gb11,Gareth Bale
277,2018-04-23 04:41:19,3253704684,spain,Gareth Bale
277,2018-04-23 04:41:19,3253704684,spanish,Gareth Bale
277,2018-04-23 04:41:19,3253704684,harryfan,Gareth Bale
277,2018-04-23 04:41:19,3253704684,harrycool15,Gareth Bale
277,2018-04-23 04:41:19,3253704684,realmadrid,Gareth Bale
277,2018-04-23 04:41:19,3253704684,laliga,Gareth Bale
277,2018-04-23 04:41:19,3253704684,garethbale11,Gareth Bale
277,2018-04-23 04:41:19,3253704684,bale,Gareth Bale
277,2018-04-23 04:41:19,3253704684,Wales,Gareth Bale
277,2018-04-23 04:41:19,3253704684,welsh,Gareth Bale
277,2018-04-23 04:41:19,3253704684,realmadridcf,Gareth Bale
277,2018-04-23 04:41:19,3253704684,gb11,Gareth Bale
278,2018-04-23 04:40:49,3253704684,spain,Gareth Bale
278,2018-04-23 04:40:49,3253704684,spanish,Gareth Bale
278,2018-04-23 04:40:49,3253704684,harryfan,Gareth Bale
278,2018-04-23 04:40:49,3253704684,harrycool15,Gareth Bale
278,2018-04-23 04:40:49,3253704684,realmadrid,Gareth Bale
278,2018-04-23 04:40:49,3253704684,laliga,Gareth Bale
278,2018-04-23 04:40:49,3253704684,garethbale11,Gareth Bale
278,2018-04-23 04:40:49,3253704684,bale,Gareth Bale
278,2018-04-23 04:40:49,3253704684,Wales,Gareth Bale
278,2018-04-23 04:40:49,3253704684,welsh,Gareth Bale
278,2018-04-23 04:40:49,3253704684,realmadridcf,Gareth Bale
278,2018-04-23 04:40:49,3253704684,gb11,Gareth Bale
279,2018-04-23 04:40:15,3253704684,spain,Gareth Bale
279,2018-04-23 04:40:15,3253704684,spanish,Gareth Bale
279,2018-04-23 04:40:15,3253704684,harryfan,Gareth Bale
279,2018-04-23 04:40:15,3253704684,harrycool15,Gareth Bale
279,2018-04-23 04:40:15,3253704684,realmadrid,Gareth Bale
279,2018-04-23 04:40:15,3253704684,laliga,Gareth Bale
279,2018-04-23 04:40:15,3253704684,garethbale11,Gareth Bale
279,2018-04-23 04:40:15,3253704684,bale,Gareth Bale
279,2018-04-23 04:40:15,3253704684,Wales,Gareth Bale
279,2018-04-23 04:40:15,3253704684,welsh,Gareth Bale
279,2018-04-23 04:40:15,3253704684,realmadridcf,Gareth Bale
279,2018-04-23 04:40:15,3253704684,gb11,Gareth Bale
280,2018-04-23 04:40:14,3253704684,spain,Gareth Bale
280,2018-04-23 04:40:14,3253704684,spanish,Gareth Bale
280,2018-04-23 04:40:14,3253704684,harryfan,Gareth Bale
280,2018-04-23 04:40:14,3253704684,harrycool15,Gareth Bale
280,2018-04-23 04:40:14,3253704684,realmadrid,Gareth Bale
280,2018-04-23 04:40:14,3253704684,laliga,Gareth Bale
280,2018-04-23 04:40:14,3253704684,garethbale11,Gareth Bale
280,2018-04-23 04:40:14,3253704684,bale,Gareth Bale
280,2018-04-23 04:40:14,3253704684,Wales,Gareth Bale
280,2018-04-23 04:40:14,3253704684,welsh,Gareth Bale
280,2018-04-23 04:40:14,3253704684,realmadridcf,Gareth Bale
280,2018-04-23 04:40:14,3253704684,gb11,Gareth Bale
281,2018-04-23 04:40:13,3253704684,spain,Gareth Bale
281,2018-04-23 04:40:13,3253704684,spanish,Gareth Bale
281,2018-04-23 04:40:13,3253704684,harryfan,Gareth Bale
281,2018-04-23 04:40:13,3253704684,harrycool15,Gareth Bale
281,2018-04-23 04:40:13,3253704684,realmadrid,Gareth Bale
281,2018-04-23 04:40:13,3253704684,laliga,Gareth Bale
281,2018-04-23 04:40:13,3253704684,garethbale11,Gareth Bale
281,2018-04-23 04:40:13,3253704684,bale,Gareth Bale
281,2018-04-23 04:40:13,3253704684,Wales,Gareth Bale
281,2018-04-23 04:40:13,3253704684,welsh,Gareth Bale
281,2018-04-23 04:40:13,3253704684,realmadridcf,Gareth Bale
281,2018-04-23 04:40:13,3253704684,gb11,Gareth Bale
282,2018-04-23 04:40:05,3253704684,spain,Gareth Bale
282,2018-04-23 04:40:05,3253704684,spanish,Gareth Bale
282,2018-04-23 04:40:05,3253704684,harryfan,Gareth Bale
282,2018-04-23 04:40:05,3253704684,harrycool15,Gareth Bale
282,2018-04-23 04:40:05,3253704684,realmadrid,Gareth Bale
282,2018-04-23 04:40:05,3253704684,laliga,Gareth Bale
282,2018-04-23 04:40:05,3253704684,garethbale11,Gareth Bale
282,2018-04-23 04:40:05,3253704684,bale,Gareth Bale
282,2018-04-23 04:40:05,3253704684,Wales,Gareth Bale
282,2018-04-23 04:40:05,3253704684,welsh,Gareth Bale
282,2018-04-23 04:40:05,3253704684,realmadridcf,Gareth Bale
282,2018-04-23 04:40:05,3253704684,gb11,Gareth Bale
283,2018-04-23 01:30:18,1129277120,GARETH,Gareth Bale
283,2018-04-23 01:30:18,1129277120,BALE,Gareth Bale
283,2018-04-23 01:30:18,1129277120,PSICOLOGIA,Gareth Bale
284,2018-04-21 01:30:39,1129277120,GARETH,Gareth Bale
284,2018-04-21 01:30:39,1129277120,BALE,Gareth Bale
284,2018-04-21 01:30:39,1129277120,PSICOLOGIA,Gareth Bale
285,2018-04-20 17:30:37,801715146590711808,Real,Gareth Bale
285,2018-04-20 17:30:37,801715146590711808,Madrid,Gareth Bale
285,2018-04-20 17:30:37,801715146590711808,James,Gareth Bale
285,2018-04-20 17:30:37,801715146590711808,Bale,Gareth Bale
285,2018-04-20 17:30:37,801715146590711808,Casillas,Gareth Bale
285,2018-04-20 17:30:37,801715146590711808,Football,Gareth Bale
285,2018-04-20 17:30:37,801715146590711808,Futbol,Gareth Bale
286,2018-04-19 01:30:38,1129277120,GARETH,Gareth Bale
286,2018-04-19 01:30:38,1129277120,BALE,Gareth Bale
286,2018-04-19 01:30:38,1129277120,PSICOLOGIA,Gareth Bale
288,2018-04-17 01:30:17,1129277120,GARETH,Gareth Bale
288,2018-04-17 01:30:17,1129277120,BALE,Gareth Bale
288,2018-04-17 01:30:17,1129277120,PSICOLOGIA,Gareth Bale
290,2018-04-22 10:19:03,4097611282,record,Robert Lewandowski
291,2018-04-22 09:48:04,4097611282,record,Robert Lewandowski
292,2018-04-22 04:24:02,4097611282,record,Robert Lewandowski
293,2018-04-19 11:34:14,783712613523922944,Robert,Robert Lewandowski
293,2018-04-19 11:34:14,783712613523922944,Musiałem,Robert Lewandowski